"","prior","estimate","bf01"
"Prior","normal(-0.2, 10)",-0.200701881239437,30.0126133786583
"Estimate","normal(-0.2, 5)",-0.194308750545299,14.7450496854566
"BF01","normal(-0.2, 1)",-0.199366099525747,3.10807599707913
