"","prior","estimate","bf01"
"Prior","normal(-0.12, 10)",-0.124386470968752,47.6397763560749
"Estimate","normal(-0.12, 5)",-0.122876300298683,23.9080103298655
"BF01","normal(-0.12, 1)",-0.124419995505184,5.06736532858631
