"","prior","estimate","bf01"
"1","normal(0, 10)","0.0115633512675093","127.112272620333"
"2","normal(0, 5)","0.0127963852035651","61.7347141373948"
"3","normal(0, 1)","0.0124502553022202","13.0471490632031"
"4","normal(0.01, 10)","0.0128555408997088","134.07758010749"
"5","normal(0.01, 5)","0.0132886419256289","68.6233812942161"
"6","normal(0.01, 1)","0.0129548923795127","13.2600682816036"
